Gene	sampleA	sampleB	logFC hya Antibiotic Vs WT	logCPM	PValue	FDR	CS18	CS17	Start	Stop	Strand	Name	Synonym.1	Product	Entry	Entry name	Protein names	Gene names	Pathway	Gene ontology (biological process)	Gene ontology (cellular component)	Gene ontology (molecular function)	Cross-reference (GeneID)	EC number	Cross-reference (STRING)	Cross-reference (KEGG)	Cross-reference (UniPathway)
b2051	Treated	control	4.02967401684176	5.72754634188604	2.22E-06	1.63E-04	140	9	2126222	2125743	-	wcaH	b2051	GDP-mannose mannosyl hydrolase	P32056	GMM_ECOLI	GDP-mannose mannosyl hydrolase (GDPMH) (EC 3.6.1.-) (Colanic acid biosynthesis protein WcaH)	gmm nudD wcaH yefC b2051 JW5335	nan	lipopolysaccharide biosynthetic process [GO:0009103]	nan	GDP-glucosidase activity [GO:0047917]; GDP-mannose mannosyl hydrolase activity [GO:0008727]; magnesium ion binding [GO:0000287]; manganese ion binding [GO:0030145]	946559;	3.6.1.-	511145.b2051;	ecj:JW5335;eco:b2051;	nan
b0728	Treated	control	3.61470926183757	5.62827499582581	1.35E-05	7.80E-04	128	11	763014	764180	+	sucC	b0728	succinyl-CoA synthetase, beta subunit	P0A836	SUCC_ECOLI	Succinate--CoA ligase [ADP-forming] subunit beta (EC 6.2.1.5) (Succinyl-CoA synthetase subunit beta) (SCS-beta)	sucC b0728 JW0717	PATHWAY: Carbohydrate metabolism; tricarboxylic acid cycle; succinate from succinyl-CoA (ligase route): step 1/1. {ECO:0000255|HAMAP-Rule:MF_00558, ECO:0000305|PubMed:10353839}.	succinyl-CoA metabolic process [GO:0006104]; tricarboxylic acid cycle [GO:0006099]	cytoplasm [GO:0005737]; cytosol [GO:0005829]; succinate-CoA ligase complex [GO:0042709]; succinate-CoA ligase complex (ADP-forming) [GO:0009361]	ATP binding [GO:0005524]; magnesium ion binding [GO:0000287]; succinate-CoA ligase (ADP-forming) activity [GO:0004775]	52076039;945312;	6.2.1.5	511145.b0728;	ecj:JW0717;eco:b0728;	UPA00223;UER00999
b3608	Treated	control	3.78136590413406	5.15285057246978	1.64E-05	7.80E-04	92	7	3783661	3782642	-	gpsA	b3608	glycerol-3-phosphate dehydrogenase (NAD+)	P0A6S7	GPDA_ECOLI	Glycerol-3-phosphate dehydrogenase [NAD(P)+] (EC 1.1.1.94) (NAD(P)H-dependent glycerol-3-phosphate dehydrogenase)	gpsA b3608 JW3583	PATHWAY: Membrane lipid metabolism; glycerophospholipid metabolism. {ECO:0000255|HAMAP-Rule:MF_00394}.	carbohydrate metabolic process [GO:0005975]; glycerol-3-phosphate biosynthetic process [GO:0046167]; glycerol-3-phosphate catabolic process [GO:0046168]; glycerol-3-phosphate metabolic process [GO:0006072]; glycerophospholipid biosynthetic process [GO:0046474]	cytosol [GO:0005829]; glycerol-3-phosphate dehydrogenase complex [GO:0009331]	glycerol-3-phosphate dehydrogenase [NAD(P)+] activity [GO:0047952]; glycerol-3-phosphate dehydrogenase [NAD+] activity [GO:0004367]; NAD binding [GO:0051287]	49582418;948125;	1.1.1.94	511145.b3608;	ecj:JW3583;eco:b3608;	UPA00940
b0978	Treated	control	3.20268734979616	6.29605789363645	2.76E-05	8.94E-04	200	23	1037740	1039284	+	cbdA	b0978	cytochrome bd-II oxidase, subunit I	P26459	APPC_ECOLI	Cytochrome bd-II ubiquinol oxidase subunit 1 (EC 7.1.1.3) (Cytochrome bd-II oxidase subunit I)	appC cbdA cyxA b0978 JW0960	PATHWAY: Energy metabolism; oxidative phosphorylation.	aerobic electron transport chain [GO:0019646]; oxidative phosphorylation [GO:0006119]	cytochrome complex [GO:0070069]; integral component of membrane [GO:0016021]; membrane [GO:0016020]; plasma membrane [GO:0005886]	electron transfer activity [GO:0009055]; heme binding [GO:0020037]; metal ion binding [GO:0046872]; oxidoreductase activity, acting on diphenols and related substances as donors, oxygen as acceptor [GO:0016682]	945585;	7.1.1.3	511145.b0978;	ecj:JW0960;eco:b0978;	UPA00705
b1049	Treated	control	3.65030201183006	5.03512003951306	3.19E-05	8.94E-04	84	7	1110863	1113406	+	opgH	b1049	membrane glycosyltransferase; nutrient-dependent cell size regulator, FtsZ assembly antagonist	P62517	OPGH_ECOLI	Glucans biosynthesis glucosyltransferase H (EC 2.4.1.-)	mdoH opgH b1049 JW1037	PATHWAY: Glycan metabolism; osmoregulated periplasmic glucan (OPG) biosynthesis.	beta-glucan biosynthetic process [GO:0051274]; glucan biosynthetic process [GO:0009250]; response to osmotic stress [GO:0006970]	integral component of plasma membrane [GO:0005887]; plasma membrane [GO:0005886]	transferase activity, transferring glycosyl groups [GO:0016757]; transferase activity, transferring hexosyl groups [GO:0016758]	48106457;945624;	2.4.1.-	511145.b1049;	ecj:JW1037;eco:b1049;	UPA00637
b0656	Treated	control	3.13282138923427	6.56278016474244	3.27E-05	8.94E-04	240	29	689013	687997	-	insH1	b0656	IS5 transposase and trans-activator	P0CE51	INSH3_ECOLI	Transposase InsH for insertion sequence element IS5D	insH3 b0656 JW0652	nan	transposition, DNA-mediated [GO:0006313]	nan	DNA binding [GO:0003677]; transposase activity [GO:0004803]	944917;944941;945896;946163;946577;947516;947743;948015;949121;	nan	nan	ecj:JW0652;eco:b0259;eco:b0552;eco:b0656;eco:b1331;eco:b2030;eco:b2192;eco:b2982;eco:b3218;eco:b3505;	nan
b4239	Treated	control	3.13934649334434	5.89395754767644	4.91E-05	8.94E-04	150	18	4464709	4463054	-	treC	b4239	trehalose-6-P hydrolase	P28904	TREC_ECOLI	Trehalose-6-phosphate hydrolase (EC 3.2.1.93) (Alpha,alpha-phosphotrehalase)	treC olgH b4239 JW4198	nan	cellular response to DNA damage stimulus [GO:0006974]; oligosaccharide catabolic process [GO:0009313]; trehalose catabolic process [GO:0005993]	cytosol [GO:0005829]	alpha,alpha-phosphotrehalase activity [GO:0008788]; alpha-amylase activity [GO:0004556]	948762;	3.2.1.93	511145.b4239;	ecj:JW4198;eco:b4239;	nan
b0259	Treated	control	3.04615483505586	6.48615297795524	5.12E-05	8.94E-04	226	29	275117	274101	-	insH1	b0259	IS5 transposase and trans-activator	P0CE49	INSH1_ECOLI	Transposase InsH for insertion sequence element IS5A	insH1 b0259 JW0250	nan	transposition, DNA-mediated [GO:0006313]	nan	DNA binding [GO:0003677]; transposase activity [GO:0004803]	944917;944941;945896;946163;946577;947516;947743;948015;949121;	nan	nan	ecj:JW0250;eco:b0259;eco:b0552;eco:b0656;eco:b1331;eco:b2030;eco:b2192;eco:b2982;eco:b3218;eco:b3505;	nan
b0552	Treated	control	3.04615483505586	6.48615297795524	5.12E-05	8.94E-04	226	29	575753	574737	-	insH1	b0552	IS5 transposase and trans-activator	P0CE50	INSH2_ECOLI	Transposase InsH for insertion sequence element IS5B	insH2 b0552 JW0540	nan	transposition, DNA-mediated [GO:0006313]	nan	DNA binding [GO:0003677]; transposase activity [GO:0004803]	944917;944941;945896;946163;946577;947516;947743;948015;949121;	nan	nan	ecj:JW0540;eco:b0259;eco:b0552;eco:b0656;eco:b1331;eco:b2030;eco:b2192;eco:b2982;eco:b3218;eco:b3505;	nan
b1331	Treated	control	3.04615483505586	6.48615297795524	5.12E-05	8.94E-04	226	29	1396076	1397092	+	insH1	b1331	IS5 transposase and trans-activator	P0CE52	INSH4_ECOLI	Transposase InsH for insertion sequence element IS5F	insH4 b1331 JW1324	nan	transposition, DNA-mediated [GO:0006313]	nan	DNA binding [GO:0003677]; transposase activity [GO:0004803]	944917;944941;945896;946163;946577;947516;947743;948015;949121;	nan	nan	ecj:JW1324;eco:b0259;eco:b0552;eco:b0656;eco:b1331;eco:b2030;eco:b2192;eco:b2982;eco:b3218;eco:b3505;	nan
b2030	Treated	control	3.04615483505586	6.48615297795524	5.12E-05	0.000894045749788	226	29	2102911	2101895	-	insH1	b2030	IS5 transposase and trans-activator	P0CE54	INSH7_ECOLI	Transposase InsH for insertion sequence element IS5I	insH7 b2030 JW2014	nan	transposition, DNA-mediated [GO:0006313]	nan	DNA binding [GO:0003677]; transposase activity [GO:0004803]	944917;944941;945896;946163;946577;947516;947743;948015;949121;	nan	nan	ecj:JW2014;eco:b0259;eco:b0552;eco:b0656;eco:b1331;eco:b2030;eco:b2192;eco:b2982;eco:b3218;eco:b3505;	nan
b2192	Treated	control	3.04615483505586	6.48615297795524	5.12E-05	0.000894045749788	226	29	2290081	2289065	-	insH1	b2192	IS5 transposase and trans-activator	P0CE55	INSH8_ECOLI	Transposase InsH for insertion sequence element IS5K	insH8 b2192 JW2179	nan	transposition, DNA-mediated [GO:0006313]	nan	DNA binding [GO:0003677]; transposase activity [GO:0004803]	944917;944941;945896;946163;946577;947516;947743;948015;949121;	nan	nan	ecj:JW2179;eco:b0259;eco:b0552;eco:b0656;eco:b1331;eco:b2030;eco:b2192;eco:b2982;eco:b3218;eco:b3505;	nan
b2982	Treated	control	3.04615483505586	6.48615297795524	5.12E-05	0.000894045749788	226	29	3130178	3131194	+	insH1	b2982	IS5 transposase and trans-activator	P0CE56	INSH9_ECOLI	Transposase InsH for insertion sequence element IS5LO	insH9 b2982 JW2949	nan	transposition, DNA-mediated [GO:0006313]	nan	DNA binding [GO:0003677]; transposase activity [GO:0004803]	944917;944941;945896;946163;946577;947516;947743;948015;949121;	nan	nan	ecj:JW2949;eco:b0259;eco:b0552;eco:b0656;eco:b1331;eco:b2030;eco:b2192;eco:b2982;eco:b3218;eco:b3505;	nan
b3218	Treated	control	3.04615483505586	6.48615297795524	5.12E-05	0.000894045749788	226	29	3366718	3365702	-	insH1	b3218	IS5 transposase and trans-activator	P0CE57	INH10_ECOLI	Transposase InsH for insertion sequence element IS5R	insH10 b3218 JW3185	nan	transposition, DNA-mediated [GO:0006313]	nan	DNA binding [GO:0003677]; transposase activity [GO:0004803]	944917;944941;945896;946163;946577;947516;947743;948015;949121;	nan	511145.b3505;	ecj:JW3185;eco:b0259;eco:b0552;eco:b0656;eco:b1331;eco:b2030;eco:b2192;eco:b2982;eco:b3218;eco:b3505;	nan
b3505	Treated	control	3.04615483505586	6.48615297795524	5.12E-05	0.000894045749788	226	29	3653198	3652182	-	insH1	b3505	IS5 transposase and trans-activator	P0CE58	INH11_ECOLI	Transposase InsH for insertion sequence element IS5T	insH11 b3505 JW3472	nan	transposition, DNA-mediated [GO:0006313]	nan	DNA binding [GO:0003677]; transposase activity [GO:0004803]	944917;944941;945896;946163;946577;947516;947743;948015;949121;	nan	nan	ecj:JW3472;eco:b0259;eco:b0552;eco:b0656;eco:b1331;eco:b2030;eco:b2192;eco:b2982;eco:b3218;eco:b3505;	nan
b1092	Treated	control	2.98190474674796	6.52439746305532	6.85E-05	0.001092508057842	231	31	1149728	1150657	+	fabD	b1092	malonyl-CoA-[acyl-carrier-protein] transacylase	P0AAI9	FABD_ECOLI	Malonyl CoA-acyl carrier protein transacylase (MCT) (EC 2.3.1.39)	fabD tfpA b1092 JW1078	PATHWAY: Lipid metabolism; fatty acid biosynthesis.	fatty acid biosynthetic process [GO:0006633]	cytosol [GO:0005829]	[acyl-carrier-protein] S-malonyltransferase activity [GO:0004314]	49585179;945766;	2.3.1.39	511145.b1092;	ecj:JW1078;eco:b1092;	UPA00094
b4202	Treated	control	2.75798914337574	8.31178751066867	1.00E-04	0.001534075858377	789	124	4425839	4426066	+	rpsR	b4202	30S ribosomal subunit protein S18	P0A7T7	RS18_ECOLI	30S ribosomal protein S18 (Small ribosomal subunit protein bS18)	rpsR b4202 JW4160	nan	translation [GO:0006412]	cytosol [GO:0005829]; cytosolic small ribosomal subunit [GO:0022627]	'mRNA 5''-UTR binding [GO:0048027]; small ribosomal subunit rRNA binding [GO:0070181]; structural constituent of ribosome [GO:0003735]'	9123105;948721;	nan	511145.b4202;	ecj:JW4160;eco:b4202;	nan
b2040	Treated	control	2.87565223443836	6.2357997956521	1.31E-04	0.00187539880953	187	27	2111976	2111077	-	rfbD	b2040	dTDP-4-dehydrorhamnose reductase subunit, NAD(P)-binding, of dTDP-L-rhamnose synthase	P37760	RMLD_ECOLI	dTDP-4-dehydrorhamnose reductase (EC 1.1.1.133) (dTDP-4-keto-L-rhamnose reductase) (dTDP-6-deoxy-L-lyxo-4-hexulose reductase) (dTDP-6-deoxy-L-mannose dehydrogenase) (dTDP-L-rhamnose synthase)	rfbD rmlD b2040 JW2025	PATHWAY: Carbohydrate biosynthesis; dTDP-L-rhamnose biosynthesis. {ECO:0000305|PubMed:7517391}.; PATHWAY: Bacterial outer membrane biogenesis; LPS O-antigen biosynthesis. {ECO:0000305|PubMed:7517391}.	dTDP-rhamnose biosynthetic process [GO:0019305]; extracellular polysaccharide biosynthetic process [GO:0045226]; lipopolysaccharide biosynthetic process [GO:0009103]; O antigen biosynthetic process [GO:0009243]	cytosol [GO:0005829]	dTDP-4-dehydrorhamnose reductase activity [GO:0008831]; metal ion binding [GO:0046872]	947117;	1.1.1.133	511145.b2040;	ecj:JW2025;eco:b2040;	UPA00124, UPA00281
b3800	Treated	control	3.90733259440718	4.1321797808173	1.33E-04	0.00187539880953	44	3	3982958	3984193	+	aslB	b3800	putative AslA-specific sulfatase-maturating enzyme	P25550	ASLB_ECOLI	Anaerobic sulfatase-maturating enzyme homolog AslB (AnSME homolog)	aslB atsB b3800 JW5594	nan	protein maturation [GO:0051604]	nan	4 iron, 4 sulfur cluster binding [GO:0051539]; catalytic activity [GO:0003824]; metal ion binding [GO:0046872]	949013;	nan	511145.b3800;	ecj:JW5594;eco:b3800;	nan
b0470	Treated	control	3.40755692903222	4.61160494449602	1.65E-04	0.002167151270428	61	6	492092	494023	+	dnaX	b0470	DNA polymerase III/DNA elongation factor III, tau and gamma subunits	P06710	DPO3X_ECOLI	DNA polymerase III subunit tau (EC 2.7.7.7) (DNA polymerase III subunit gamma)	dnaX dnaZ dnaZX b0470 JW0459	nan	DNA-dependent DNA replication [GO:0006261]; DNA replication [GO:0006260]	DNA polymerase III, clamp loader complex [GO:0043846]; DNA polymerase III complex [GO:0009360]	ATPase activity [GO:0016887]; ATP binding [GO:0005524]; DNA binding [GO:0003677]; DNA-directed DNA polymerase activity [GO:0003887]; DNA polymerase processivity factor activity [GO:0030337]; identical protein binding [GO:0042802]; nucleoside-triphosphatase activity [GO:0017111]	945105;	2.7.7.7	511145.b0470;	ecj:JW0459;eco:b0470;	nan
b0680	Treated	control	3.28095946790775	4.71000445856491	2.10E-04	0.002657239847718	65	7	706093	707757	+	glnS	b0680	glutamyl-tRNA synthetase	P00962	SYQ_ECOLI	Glutamine--tRNA ligase (EC 6.1.1.18) (Glutaminyl-tRNA synthetase) (GlnRS)	glnS b0680 JW0666	nan	glutaminyl-tRNA aminoacylation [GO:0006425]; glutamyl-tRNA aminoacylation [GO:0006424]	cytosol [GO:0005829]	ATP binding [GO:0005524]; glutamine-tRNA ligase activity [GO:0004819]	945310;	6.1.1.18	511145.b0680;	ecj:JW0666;eco:b0680;	nan
b0185	Treated	control	2.74897863622213	5.90032189929091	2.91E-04	0.003563176462864	146	23	208621	209580	+	accA	b0185	acetyl-CoA carboxylase, carboxytransferase, alpha subunit	P0ABD5	ACCA_ECOLI	Acetyl-coenzyme A carboxylase carboxyl transferase subunit alpha (ACCase subunit alpha) (Acetyl-CoA carboxylase carboxyltransferase subunit alpha) (EC 2.1.3.15)	accA b0185 JW0180	PATHWAY: Lipid metabolism; malonyl-CoA biosynthesis; malonyl-CoA from acetyl-CoA: step 1/1. {ECO:0000255|HAMAP-Rule:MF_00823}.	fatty acid biosynthetic process [GO:0006633]; long-chain fatty acid biosynthetic process [GO:0042759]; malonyl-CoA biosynthetic process [GO:2001295]	acetate CoA-transferase complex [GO:0009329]; cytoplasm [GO:0005737]; cytosol [GO:0005829]	acetyl-CoA carboxylase activity [GO:0003989]; ATP binding [GO:0005524]; carboxyl- or carbamoyltransferase activity [GO:0016743]; identical protein binding [GO:0042802]	48722778;944895;	2.1.3.15	511145.b0185;	ecj:JW0180;eco:b0185;	UPA00655;UER00711
b4174	Treated	control	2.68491747369897	6.26749287177697	3.07E-04	0.003639438455747	188	31	4402038	4403297	+	hflK	b4174	modulator for HflB protease specific for phage lambda cII repressor	P0ABC7	HFLK_ECOLI	Modulator of FtsH protease HflK	hflK hflA b4174 JW4132	nan	negative regulation of catalytic activity [GO:0043086]; response to heat [GO:0009408]	cytosol [GO:0005829]; integral component of external side of plasma membrane [GO:0071575]; membrane protein complex [GO:0098796]	nan	52078545;948698;	nan	511145.b4174;	ecj:JW4132;eco:b4174;	nan
b0809	Treated	control	2.60645777256722	6.63204236783087	3.85E-04	0.004278776586839	241	42	846463	845741	-	glnQ	b0809	glutamine transporter subunit	P10346	GLNQ_ECOLI	Glutamine transport ATP-binding protein GlnQ	glnQ b0809 JW0794	nan	nan	plasma membrane [GO:0005886]	ATPase activity [GO:0016887]; ATPase-coupled amino acid transmembrane transporter activity [GO:0015424]; ATP binding [GO:0005524]	48136254;945435;	nan	511145.b0809;	ecj:JW0794;eco:b0809;	nan
b2891	Treated	control	2.30426615008437	6.50904846833636	1.51E-03	0.014001030779838	214	46	3036282	3035184	-	prfB	b2891	peptide chain release factor RF-2	P07012	RF2_ECOLI	Peptide chain release factor RF2 (RF-2)	prfB supK b2891 JW5847	nan	translational termination [GO:0006415]	cytosol [GO:0005829]	translation release factor activity, codon specific [GO:0016149]	947369;	nan	511145.b2891;	ecj:JW5847;eco:b2891;	nan
b0740	Treated	control	2.36434813743568	5.85542534624628	1.53E-03	0.014001030779838	136	28	777740	779032	+	tolB	b0740	periplasmic protein	P0A855	TOLB_ECOLI	Tol-Pal system protein TolB	tolB b0740 JW5100	nan	bacteriocin transport [GO:0043213]; cell cycle [GO:0007049]; cell division [GO:0051301]; cellular response to bacteriocin [GO:0071237]; protein import [GO:0017038]; protein transport [GO:0015031]	cell division site [GO:0032153]; outer membrane-bounded periplasmic space [GO:0030288]; periplasmic space [GO:0042597]; protein-containing complex [GO:0032991]	protein-containing complex binding [GO:0044877]; protein domain specific binding [GO:0019904]	49585511;945429;	nan	511145.b0740;	ecj:JW5100;eco:b0740;	nan
b1088	Treated	control	2.23105874601422	6.87430619670405	1.70E-03	0.015253864256016	274	62	1146794	1147315	+	yceD	b1088	DUF177 family protein	P0AB28	YCED_ECOLI	Large ribosomal RNA subunit accumulation protein YceD (23S rRNA accumulation protein YceD) (G30K)	yceD g30k b1088 JW1074	nan	ribosome biogenesis [GO:0042254]	cytosol [GO:0005829]	nan	52076411;945650;	nan	511145.b1088;	ecj:JW1074;eco:b1088;	nan
b2097	Treated	control	2.35394696621059	5.57049222234435	1.86E-03	0.015855940818326	111	23	2178564	2177512	-	fbaB	b2097	fructose-bisphosphate aldolase class I	P0A991	ALF1_ECOLI	Fructose-bisphosphate aldolase class 1 (EC 4.1.2.13) (Fructose-bisphosphate aldolase class I) (FBP aldolase)	fbaB dhnA b2097 JW5344	nan	glycolytic process [GO:0006096]	cytosol [GO:0005829]; membrane [GO:0016020]	fructose-bisphosphate aldolase activity [GO:0004332]; identical protein binding [GO:0042802]	49584082;946632;	4.1.2.13	511145.b2097;	ecj:JW5344;eco:b2097;	nan
b2507	Treated	control	2.32774427787222	5.54917240111928	2.08E-03	0.017346480941126	109	23	2632535	2630958	-	guaA	b2507	GMP synthetase (glutamine aminotransferase)	P04079	GUAA_ECOLI	GMP synthase [glutamine-hydrolyzing] (EC 6.3.5.2) (GMP synthetase) (GMPS) (Glutamine amidotransferase)	guaA b2507 JW2491	PATHWAY: Purine metabolism; GMP biosynthesis; GMP from XMP (L-Gln route): step 1/1.	glutamine metabolic process [GO:0006541]; GMP biosynthetic process [GO:0006177]	cytosol [GO:0005829]	ATP binding [GO:0005524]; GMP synthase (glutamine-hydrolyzing) activity [GO:0003922]; GMP synthase activity [GO:0003921]; identical protein binding [GO:0042802]; pyrophosphatase activity [GO:0016462]	947334;	6.3.5.2	511145.b2507;	ecj:JW2491;eco:b2507;	UPA00189;UER00296
b3163	Treated	control	2.58513088238298	4.6083894813141	0.002351693468728	0.019179366733849	57	10	3308924	3308040	-	nlpI	b3163	lipoprotein involved in osmotic sensitivity and filamentation	P0AFB1	NLPI_ECOLI	Lipoprotein NlpI	nlpI yhbM b3163 JW3132	nan	cell cycle [GO:0007049]; cell division [GO:0051301]	plasma membrane [GO:0005886]	protein-macromolecule adaptor activity [GO:0030674]	52078438;947673;	nan	511145.b3163;	ecj:JW3132;eco:b3163;	nan
b2185	Treated	control	2.36256422973464	4.9829887581918	0.002559423858517	0.020419751219036	73	15	2282517	2282801	+	rplY	b2185	50S ribosomal subunit protein L25	P68919	RL25_ECOLI	50S ribosomal protein L25 (Large ribosomal subunit protein bL25)	rplY b2185 JW2173	nan	negative regulation of translation [GO:0017148]; response to radiation [GO:0009314]; ribosomal large subunit assembly [GO:0000027]; translation [GO:0006412]	cytosol [GO:0005829]; cytosolic large ribosomal subunit [GO:0022625]	5S rRNA binding [GO:0008097]; structural constituent of ribosome [GO:0003735]	52077513;945618;	nan	511145.b2185;	ecj:JW2173;eco:b2185;	nan
b4123	Treated	control	2.18416956381497	6.17706969606398	0.002831540769697	0.021649488801645	167	39	4348744	4347404	-	dcuB	b4123	C4-dicarboxylate transporter, anaerobic; DcuS co-sensor	P0ABN9	DCUB_ECOLI	Anaerobic C4-dicarboxylate transporter DcuB	dcuB genF b4123 JW4084	nan	C4-dicarboxylate transport [GO:0015740]	integral component of plasma membrane [GO:0005887]; plasma membrane [GO:0005886]	C4-dicarboxylate transmembrane transporter activity [GO:0015556]; succinate:fumarate antiporter activity [GO:0005469]	49586563;948641;	nan	511145.b4123;	ecj:JW4084;eco:b4123;	nan
b3636	Treated	control	2.26904474674316	5.16012289337461	0.003298943923844	0.024708416735732	82	18	3811417	3811250	-	rpmG	b3636	50S ribosomal subunit protein L33	P0A7N9	RL33_ECOLI	50S ribosomal protein L33 (Large ribosomal subunit protein bL33)	rpmG b3636 JW3611	nan	response to antibiotic [GO:0046677]; ribosomal large subunit assembly [GO:0000027]; translation [GO:0006412]	cytosol [GO:0005829]; cytosolic large ribosomal subunit [GO:0022625]; large ribosomal subunit [GO:0015934]	structural constituent of ribosome [GO:0003735]; tRNA binding [GO:0000049]	8913847;946318;	nan	511145.b3636;	ecj:JW3611;eco:b3636;	nan
b3176	Treated	control	2.16656601676708	5.79239126588566	0.003456205033807	0.025368544948144	127	30	3324070	3322733	-	glmM	b3176	phosphoglucosamine mutase	P31120	GLMM_ECOLI	Phosphoglucosamine mutase (EC 5.4.2.10)	glmM mrsA yhbF b3176 JW3143	nan	carbohydrate metabolic process [GO:0005975]; peptidoglycan biosynthetic process [GO:0009252]; protein autophosphorylation [GO:0046777]; UDP-N-acetylglucosamine biosynthetic process [GO:0006048]	cytosol [GO:0005829]	magnesium ion binding [GO:0000287]; phosphoglucosamine mutase activity [GO:0008966]; phosphomannomutase activity [GO:0004615]	48108780;947692;	5.4.2.10	511145.b3176;	ecj:JW3143;eco:b3176;	nan
b2508	Treated	control	2.13610923104444	5.98543689085426	0.003722001087865	0.026783811749932	145	35	2634070	2632604	-	guaB	b2508	IMP dehydrogenase	P0ADG7	IMDH_ECOLI	'Inosine-5''-monophosphate dehydrogenase (IMP dehydrogenase) (IMPD) (IMPDH) (EC 1.1.1.205)'	guaB guaR b2508 JW5401	PATHWAY: Purine metabolism; XMP biosynthesis via de novo pathway; XMP from IMP: step 1/1. {ECO:0000255|HAMAP-Rule:MF_01964}.	GMP biosynthetic process [GO:0006177]; GTP biosynthetic process [GO:0006183]; protein homotetramerization [GO:0051289]; response to UV [GO:0009411]	cytosol [GO:0005829]	ATP binding [GO:0005524]; C-rich single-stranded DNA binding [GO:1990829]; identical protein binding [GO:0042802]; IMP dehydrogenase activity [GO:0003938]; metal ion binding [GO:0046872]; single-stranded DNA binding [GO:0003697]	48134662;946985;	1.1.1.205	511145.b2508;	ecj:JW5401;eco:b2508;	UPA00601;UER00295
b3617	Treated	control	3.33012560238698	3.15200158969335	0.004550577327918	0.03022774039534	20	2	3792551	3791355	-	kbl	b3617	glycine C-acetyltransferase	P0AB77	KBL_ECOLI	2-amino-3-ketobutyrate coenzyme A ligase (AKB ligase) (EC 2.3.1.29) (Glycine acetyltransferase)	kbl b3617 JW3592	PATHWAY: Amino-acid degradation; L-threonine degradation via oxydo-reductase pathway; glycine from L-threonine: step 2/2. {ECO:0000255|HAMAP-Rule:MF_00985}.	biosynthetic process [GO:0009058]; L-threonine catabolic process to glycine [GO:0019518]	cytoplasm [GO:0005737]; cytosol [GO:0005829]	glycine C-acetyltransferase activity [GO:0008890]; ligase activity [GO:0016874]; metal ion binding [GO:0046872]; pyridoxal phosphate binding [GO:0030170]	48133568;948138;	2.3.1.29	511145.b3617;	ecj:JW3592;eco:b3617;	UPA00046;UER00506
b3429	Treated	control	2.17390640472687	5.15950453358538	0.004694771669031	0.03022774039534	81	19	3568033	3566600	-	glgA	b3429	glycogen synthase	P0A6U8	GLGA_ECOLI	Glycogen synthase (EC 2.4.1.21) (Starch [bacterial glycogen] synthase)	glgA b3429 JW3392	PATHWAY: Glycan biosynthesis; glycogen biosynthesis.	cellular response to DNA damage stimulus [GO:0006974]; glycogen biosynthetic process [GO:0005978]	cytosol [GO:0005829]	alpha-1,4-glucan synthase activity [GO:0033201]; glycogen (starch) synthase activity [GO:0004373]; starch synthase activity [GO:0009011]	49582609;947932;	2.4.1.21	511145.b3429;	ecj:JW3392;eco:b3429;	UPA00164
b3321	Treated	control	1.90078532468949	7.61287500134707	0.005940740722169	0.036953421102305	439	125	3453270	3452959	-	rpsJ	b3321	30S ribosomal subunit protein S10	P0A7R5	RS10_ECOLI	30S ribosomal protein S10 (Small ribosomal subunit protein uS10)	rpsJ nusE b3321 JW3283	nan	transcription antitermination [GO:0031564]; translation [GO:0006412]	cytosol [GO:0005829]; cytosolic small ribosomal subunit [GO:0022627]; small ribosomal subunit [GO:0015935]	structural constituent of ribosome [GO:0003735]; transcription antitermination factor activity, RNA binding [GO:0001072]; tRNA binding [GO:0000049]	52075104;947816;	nan	511145.b3321;	ecj:JW3283;eco:b3321;	nan
b0178	Treated	control	1.91571554805642	6.77486041169421	0.006610822700743	0.040436198852878	245	69	200482	200967	+	skp	b0178	periplasmic chaperone	P0AEU7	SKP_ECOLI	Chaperone protein Skp (DNA-binding 17 kDa protein) (Histone-like protein HLP-1) (Seventeen kilodalton protein)	skp hlpA ompH b0178 JW0173	nan	chaperone-mediated protein folding [GO:0061077]; Gram-negative-bacterium-type cell outer membrane assembly [GO:0043165]; protein folding [GO:0006457]; protein insertion into membrane from inner side [GO:0032978]; protein maturation by protein folding [GO:0022417]; protein stabilization [GO:0050821]	cytosol [GO:0005829]; outer membrane-bounded periplasmic space [GO:0030288]	identical protein binding [GO:0042802]; lipopolysaccharide binding [GO:0001530]; unfolded protein binding [GO:0051082]	52075497;944861;	nan	511145.b0178;	ecj:JW0173;eco:b0178;	nan
b3609	Treated	control	1.78960639015092	6.24756980361276	0.011790476627384	0.067611014410157	166	51	3784128	3783661	-	secB	b3609	protein export chaperone	P0AG86	SECB_ECOLI	Protein-export protein SecB (Chaperone SecB)	secB b3609 JW3584	nan	chaperone-mediated protein transport [GO:0072321]; protein folding [GO:0006457]; protein localization [GO:0008104]; protein targeting [GO:0006605]; protein tetramerization [GO:0051262]; protein transport [GO:0015031]; protein transport by the Sec complex [GO:0043952]	cytosol [GO:0005829]	unfolded protein binding [GO:0051082]	52078860;948123;	nan	511145.b3609;	ecj:JW3584;eco:b3609;	nan
b4414	Treated	control	1.82685299171802	5.74401793378355	0.012631495895003	0.071319369130249	117	35	189712	189847	+	tff	b4414	-	nan	nan	nan	nan	nan	nan	nan	nan	nan	nan	nan	nan	nan
b2526	Treated	control	2.11098617863895	4.23558279603885	0.015807779767995	0.086770379557477	41	10	2658935	2657085	-	hscA	b2526	DnaK-like molecular chaperone specific for IscU	P0A6Z1	HSCA_ECOLI	Chaperone protein HscA (Hsc66)	hscA hsc b2526 JW2510	nan	cellular response to cold [GO:0070417]; iron-sulfur cluster assembly [GO:0016226]; protein folding [GO:0006457]; protein maturation by iron-sulfur cluster transfer [GO:0097428]	cytosol [GO:0005829]; iron-sulfur cluster transfer complex [GO:1990230]	ADP binding [GO:0043531]; ATPase activity [GO:0016887]; ATP binding [GO:0005524]; unfolded protein binding [GO:0051082]	49583633;944885;	nan	511145.b2526;	ecj:JW2510;eco:b2526;	nan
b3302	Treated	control	1.62473425220566	9.61185648566414	0.015840913979158	0.086770379557477	1687	582	3444722	3444543	-	rpmD	b3302	50S ribosomal subunit protein L30	P0AG51	RL30_ECOLI	50S ribosomal protein L30 (Large ribosomal subunit protein uL30)	rpmD b3302 JW3264	nan	ribosomal large subunit assembly [GO:0000027]; translation [GO:0006412]	cytosolic large ribosomal subunit [GO:0022625]	structural constituent of ribosome [GO:0003735]	52075123;947797;	nan	511145.b3302;	ecj:JW3264;eco:b3302;	nan
b2942	Treated	control	1.68987167699003	6.25316237726088	0.017097957497229	0.092278682374753	164	54	3086706	3087860	+	metK	b2942	S-adenosylmethionine synthetase	P0A817	METK_ECOLI	S-adenosylmethionine synthase (AdoMet synthase) (EC 2.5.1.6) (MAT) (Methionine adenosyltransferase)	metK metX b2942 JW2909	PATHWAY: Amino-acid biosynthesis; S-adenosyl-L-methionine biosynthesis; S-adenosyl-L-methionine from L-methionine: step 1/1. {ECO:0000255|HAMAP-Rule:MF_00086, ECO:0000269|PubMed:10551856, ECO:0000269|PubMed:10660564, ECO:0000269|PubMed:6251075, ECO:0000269|PubMed:7629147, ECO:0000269|PubMed:7629176, ECO:0000269|PubMed:9753435}.	one-carbon metabolic process [GO:0006730]; S-adenosylmethionine biosynthetic process [GO:0006556]; S-adenosylmethionine cycle [GO:0033353]	cytosol [GO:0005829]	ATP binding [GO:0005524]; identical protein binding [GO:0042802]; magnesium ion binding [GO:0000287]; methionine adenosyltransferase activity [GO:0004478]; potassium ion binding [GO:0030955]	52078163;945389;	2.5.1.6	511145.b2942;	ecj:JW2909;eco:b2942;	UPA00315;UER00080
b0154	Treated	control	1.72089210286349	5.77973256856521	0.018323325907821	0.097458849393775	118	38	174882	173602	-	hemL	b0154	glutamate-1-semialdehyde aminotransferase (aminomutase)	P23893	GSA_ECOLI	Glutamate-1-semialdehyde 2,1-aminomutase (GSA) (EC 5.4.3.8) (Glutamate-1-semialdehyde aminotransferase) (GSA-AT)	hemL gsa popC b0154 JW0150	PATHWAY: Porphyrin-containing compound metabolism; protoporphyrin-IX biosynthesis; 5-aminolevulinate from L-glutamyl-tRNA(Glu): step 2/2.	porphyrin-containing compound biosynthetic process [GO:0006779]; protoporphyrinogen IX biosynthetic process [GO:0006782]; tetrapyrrole biosynthetic process [GO:0033014]	cytosol [GO:0005829]	glutamate-1-semialdehyde 2,1-aminomutase activity [GO:0042286]; identical protein binding [GO:0042802]; pyridoxal phosphate binding [GO:0030170]; transaminase activity [GO:0008483]	946892;	5.4.3.8	511145.b0154;	ecj:JW0150;eco:b0154;	UPA00251;UER00317
b3701	Treated	control	1.91635280207222	4.5420692342051	0.020070274914328	0.105225584193693	50	14	3882321	3881221	-	dnaN	b3701	DNA polymerase III, beta subunit	P0A988	DPO3B_ECOLI	Beta sliding clamp (Beta clamp) (Sliding clamp) (Beta-clamp processivity factor) (DNA polymerase III beta sliding clamp subunit)	dnaN b3701 JW3678	nan	cellular response to DNA damage stimulus [GO:0006974]; DNA strand elongation involved in DNA replication [GO:0006271]	cytosol [GO:0005829]; DNA polymerase III complex [GO:0009360]	'3''-5'' exonuclease activity [GO:0008408]; DNA binding [GO:0003677]; DNA-directed DNA polymerase activity [GO:0003887]; identical protein binding [GO:0042802]'	49582323;948218;	nan	511145.b3701;	ecj:JW3678;eco:b3701;	nan
b3493	Treated	control	1.93321124280398	4.45430041515479	0.022308897481223	0.115315005290267	47	13	3637642	3639141	+	pitA	b3493	phosphate transporter, low-affinity; tellurite importer	P0AFJ7	PITA_ECOLI	Low-affinity inorganic phosphate transporter 1	pitA pit b3493 JW3460	nan	phosphate ion transmembrane transport [GO:0035435]; tellurite transport [GO:0015710]	integral component of plasma membrane [GO:0005887]; plasma membrane [GO:0005886]	inorganic phosphate transmembrane transporter activity [GO:0005315]; solute:proton symporter activity [GO:0015295]; tellurite transmembrane transporter activity [GO:0015654]; zinc ion transmembrane transporter activity [GO:0005385]	49582540;948009;	nan	511145.b3493;	ecj:JW3460;eco:b3493;	nan
b1048	Treated	control	1.63384131037304	5.75156352869776	0.024822421757429	0.121464383799688	114	39	1109335	1110870	+	opgG	b1048	osmoregulated periplasmic glucan (OPG) biosynthesis periplasmic protein	P33136	OPGG_ECOLI	Glucans biosynthesis protein G	mdoG opgG b1048 JW1035	PATHWAY: Glycan metabolism; osmoregulated periplasmic glucan (OPG) biosynthesis.	beta-glucan biosynthetic process [GO:0051274]; response to osmotic stress [GO:0006970]	outer membrane-bounded periplasmic space [GO:0030288]	carbohydrate binding [GO:0030246]; catalytic activity [GO:0003824]	945005;	nan	511145.b1048;	ecj:JW1035;eco:b1048;	UPA00637
b3509	Treated	control	1.62249881615267	5.77884326171323	0.025724336659598	0.124221467816742	116	40	3656292	3655966	-	hdeB	b3509	acid-resistance protein	P0AET2	HDEB_ECOLI	Acid stress chaperone HdeB (10K-L protein)	hdeB yhhD yhiC b3509 JW5669	nan	cellular stress response to acidic pH [GO:1990451]; response to acidic pH [GO:0010447]	outer membrane-bounded periplasmic space [GO:0030288]	unfolded protein binding [GO:0051082]	49582518;948026;	nan	511145.b3509;	ecj:JW5669;eco:b3509;	nan
b0910	Treated	control	1.63630882148233	4.51874193200941	0.038919942473669	0.183123319074826	47	16	961201	961884	+	cmk	b0910	cytidylate kinase	P0A6I0	KCY_ECOLI	Cytidylate kinase (CK) (EC 2.7.4.25) (Cytidine monophosphate kinase) (CMP kinase) (Protein MssA) (p25)	cmk mssA ycaF ycaG b0910 JW0893	nan	nucleobase-containing small molecule interconversion [GO:0015949]; pyrimidine nucleotide metabolic process [GO:0006220]; response to X-ray [GO:0010165]	cytosol [GO:0005829]	ATP binding [GO:0005524]; cytidylate kinase activity [GO:0004127]	49585338;945535;	2.7.4.25	511145.b0910;	ecj:JW0893;eco:b0910;	nan
b3403	Treated	control	1.53963642394108	5.16857104552761	0.040716268339949	0.189150259250141	74	27	3532818	3534440	+	pck	b3403	phosphoenolpyruvate carboxykinase	P22259	PCKA_ECOLI	Phosphoenolpyruvate carboxykinase (ATP) (PCK) (PEP carboxykinase) (PEPCK) (EC 4.1.1.49)	pckA pck b3403 JW3366	PATHWAY: Carbohydrate biosynthesis; gluconeogenesis. {ECO:0000255|HAMAP-Rule:MF_00453}.	gluconeogenesis [GO:0006094]	cytosol [GO:0005829]	ATP binding [GO:0005524]; calcium ion binding [GO:0005509]; magnesium ion binding [GO:0000287]; phosphoenolpyruvate carboxykinase (ATP) activity [GO:0004612]	48133800;945667;	4.1.1.49	511145.b3403;	ecj:JW3366;eco:b3403;	UPA00138
b3894	Treated	control	1.45826827195966	5.85643965087545	0.043935868125307	0.200164941411083	119	46	4085822	4082772	-	fdoG	b3894	formate dehydrogenase-O, large subunit	P32176	FDOG_ECOLI	Formate dehydrogenase-O major subunit (EC 1.17.1.9) (Aerobic formate dehydrogenase major subunit) (FDH-Z subunit alpha) (Formate dehydrogenase-O subunit alpha)	fdoG b3894 JW3865	nan	anaerobic respiration [GO:0009061]; cellular respiration [GO:0045333]; cellular response to DNA damage stimulus [GO:0006974]; formate oxidation [GO:0015944]	cytosol [GO:0005829]; formate dehydrogenase complex [GO:0009326]; membrane [GO:0016020]; periplasmic space [GO:0042597]	4 iron, 4 sulfur cluster binding [GO:0051539]; electron transfer activity [GO:0009055]; formate dehydrogenase (cytochrome-c-553) activity [GO:0047111]; formate dehydrogenase (NAD+) activity [GO:0008863]; formate dehydrogenase (quinone) activity [GO:0036397]; molybdenum ion binding [GO:0030151]; molybdopterin cofactor binding [GO:0043546]	52074837;948394;	1.17.1.9	511145.b3894;	ecj:JW3865;eco:b3894;	nan
b2529	Treated	control	1.37324657702175	6.69950718765375	0.046705346005115	0.209034902242403	212	87	2660289	2659903	-	iscU	b2529	iron-sulfur cluster assembly scaffold protein	P0ACD4	ISCU_ECOLI	Iron-sulfur cluster assembly scaffold protein IscU (Sulfur acceptor protein IscU)	iscU nifU yfhN b2529 JW2513	nan	cellular iron ion homeostasis [GO:0006879]; iron-sulfur cluster assembly [GO:0016226]	cytoplasm [GO:0005737]; cytosol [GO:0005829]	2 iron, 2 sulfur cluster binding [GO:0051537]; 4 iron, 4 sulfur cluster binding [GO:0051539]; ferrous iron binding [GO:0008198]; identical protein binding [GO:0042802]	52077805;947002;	nan	511145.b2529;	ecj:JW2513;eco:b2529;	nan
b3147	Treated	control	1.47542778643358	5.22213203300735	0.049139805839905	0.217280828231867	76	29	3293400	3295436	+	lpoA	b3147	OM lipoprotein stimulator of MrcA transpeptidase	P45464	LPOA_ECOLI	Penicillin-binding protein activator LpoA (PBP activator LpoA) (Lipoprotein activator of PBP from the outer membrane A)	lpoA yraM b3147 JW3116	nan	peptidoglycan biosynthetic process [GO:0009252]; regulation of cell shape [GO:0008360]	cell outer membrane [GO:0009279]; periplasmic side of cell outer membrane [GO:0031241]; periplasmic space [GO:0042597]	enzyme regulator activity [GO:0030234]; hydrolase activity, hydrolyzing O-glycosyl compounds [GO:0004553]	947663;	nan	511145.b3147;	ecj:JW3116;eco:b3147;	nan
