Gene	sampleA	sampleB	logFC hyb Antibiotic Vs WT	logCPM	PValue	FDR	CS19	CS17	Start	Stop	Strand	Name	Synonym.1	Product	Entry	Entry name	Protein names	Gene names	Pathway	Gene ontology (biological process)	Gene ontology (cellular component)	Gene ontology (molecular function)	Cross-reference (GeneID)	EC number	Cross-reference (STRING)	Cross-reference (KEGG)	Cross-reference (UniPathway)
b0728	Treated	control	6.78627990841487	8.03281555851972	1.55E-14	3.79E-12	1505	11	763014	764180	+	sucC	b0728	succinyl-CoA synthetase, beta subunit	P0A836	SUCC_ECOLI	Succinate--CoA ligase [ADP-forming] subunit beta (EC 6.2.1.5) (Succinyl-CoA synthetase subunit beta) (SCS-beta)	sucC b0728 JW0717	PATHWAY: Carbohydrate metabolism; tricarboxylic acid cycle; succinate from succinyl-CoA (ligase route): step 1/1. {ECO:0000255|HAMAP-Rule:MF_00558, ECO:0000305|PubMed:10353839}.	succinyl-CoA metabolic process [GO:0006104]; tricarboxylic acid cycle [GO:0006099]	cytoplasm [GO:0005737]; cytosol [GO:0005829]; succinate-CoA ligase complex [GO:0042709]; succinate-CoA ligase complex (ADP-forming) [GO:0009361]	ATP binding [GO:0005524]; magnesium ion binding [GO:0000287]; succinate-CoA ligase (ADP-forming) activity [GO:0004775]	52076039;945312;	6.2.1.5	511145.b0728;	ecj:JW0717;eco:b0728;	UPA00223;UER00999
b4014	Treated	control	6.93740532344515	7.73051560687913	1.78E-14	3.79E-12	1220	8	4215478	4217079	+	aceB	b4014	malate synthase A	P08997	MASY_ECOLI	Malate synthase A (MSA) (EC 2.3.3.9)	aceB mas b4014 JW3974	PATHWAY: Carbohydrate metabolism; glyoxylate cycle; (S)-malate from isocitrate: step 2/2.	glyoxylate cycle [GO:0006097]; tricarboxylic acid cycle [GO:0006099]	cytoplasm [GO:0005737]	malate synthase activity [GO:0004474]	948512;	2.3.3.9	511145.b4014;	ecj:JW3974;eco:b4014;	UPA00703;UER00720
b2281	Treated	control	5.26858869340433	5.70612706724437	3.26E-09	2.78E-07	289	6	2396450	2395908	-	nuoI	b2281	NADH:ubiquinone oxidoreductase, chain I	P0AFD6	NUOI_ECOLI	NADH-quinone oxidoreductase subunit I (EC 7.1.1.-) (NADH dehydrogenase I subunit I) (NDH-1 subunit I) (NUO9)	nuoI b2281 JW2276	nan	aerobic respiration [GO:0009060]	NADH dehydrogenase complex [GO:0030964]; plasma membrane [GO:0005886]; plasma membrane respiratory chain complex I [GO:0045272]	4 iron, 4 sulfur cluster binding [GO:0051539]; iron ion binding [GO:0005506]; NADH dehydrogenase (quinone) activity [GO:0050136]; quinone binding [GO:0048038]	52077597;946757;	7.1.1.-	511145.b2281;	ecj:JW2276;eco:b2281;	nan
b0720	Treated	control	4.38000439925352	6.1442692773978	6.07E-08	4.32E-06	386	15	754468	753185	-	gltA	b0720	citrate synthase	P0ABH7	CISY_ECOLI	Citrate synthase (EC 2.3.3.16)	gltA gluT icdB b0720 JW0710	PATHWAY: Carbohydrate metabolism; tricarboxylic acid cycle; isocitrate from oxaloacetate: step 1/2.	tricarboxylic acid cycle [GO:0006099]	cytosol [GO:0005829]	citrate (Si)-synthase activity [GO:0004108]; identical protein binding [GO:0042802]	49585530;945323;	2.3.3.16	511145.b0720;	ecj:JW0710;eco:b0720;	UPA00223;UER00717
b4036	Treated	control	3.96996371147939	6.53815606165369	2.79E-07	1.32E-05	502	26	4247971	4249311	+	lamB	b4036	maltose outer membrane porin (maltoporin)	P02943	LAMB_ECOLI	Maltoporin (Maltose outer membrane channel) (Maltose-inducible porin) (Phage lambda receptor protein)	lamB malB b4036 JW3996	nan	cellular response to DNA damage stimulus [GO:0006974]; ion transport [GO:0006811]; maltodextrin transport [GO:0042956]; polysaccharide transport [GO:0015774]	cell outer membrane [GO:0009279]; integral component of cell outer membrane [GO:0045203]; intrinsic component of cell outer membrane [GO:0031230]; pore complex [GO:0046930]	carbohydrate transmembrane transporter activity [GO:0015144]; maltodextrin transmembrane transporter activity [GO:0042958]; maltose transporting porin activity [GO:0015481]; porin activity [GO:0015288]; virus receptor activity [GO:0001618]	948548;	nan	511145.b4036;	ecj:JW3996;eco:b4036;	nan
b1136	Treated	control	3.8698973413739	6.73997333668394	4.36E-07	1.71E-05	576	32	1195123	1196373	+	icd	b1136	e14 prophage; isocitrate dehydrogenase, specific for NADP+	P08200	IDH_ECOLI	Isocitrate dehydrogenase [NADP] (IDH) (EC 1.1.1.42) (IDP) (NADP(+)-specific ICDH) (Oxalosuccinate decarboxylase)	icd icdA icdE b1136 JW1122	nan	electron transport chain [GO:0022900]; glyoxylate cycle [GO:0006097]; response to oxidative stress [GO:0006979]; tricarboxylic acid cycle [GO:0006099]	cytoplasm [GO:0005737]; cytosol [GO:0005829]	isocitrate dehydrogenase (NADP+) activity [GO:0004450]; magnesium ion binding [GO:0000287]; NAD binding [GO:0051287]	945702;	1.1.1.42	511145.b1136;	ecj:JW1122;eco:b1136;	nan
b3430	Treated	control	3.89983776124964	5.7890630742005	9.00E-07	3.20E-05	295	16	3569328	3568033	-	glgC	b3430	glucose-1-phosphate adenylyltransferase	P0A6V1	GLGC_ECOLI	Glucose-1-phosphate adenylyltransferase (EC 2.7.7.27) (ADP-glucose pyrophosphorylase) (ADPGlc PPase) (ADP-glucose synthase)	glgC b3430 JW3393	PATHWAY: Glycan biosynthesis; glycogen biosynthesis. {ECO:0000305}.	glycogen biosynthetic process [GO:0005978]; protein homotetramerization [GO:0051289]	nan	AMP binding [GO:0016208]; ATP binding [GO:0005524]; glucose-1-phosphate adenylyltransferase activity [GO:0008878]; identical protein binding [GO:0042802]; magnesium ion binding [GO:0000287]	48727124;947942;	2.7.7.27	511145.b3430;	ecj:JW3393;eco:b3430;	UPA00164
b4035	Treated	control	4.18189888035346	4.69226626210726	2.14E-06	6.08E-05	136	6	4246784	4247899	+	malK	b4035	fused maltose transport subunit, ATP-binding component of ABC superfamily/regulatory protein	P68187	MALK_ECOLI	Maltose/maltodextrin import ATP-binding protein MalK (EC 7.5.2.1)	malK b4035 JW3995	nan	maltodextrin transport [GO:0042956]; maltose transport [GO:0015768]	ATP-binding cassette (ABC) transporter complex [GO:0043190]; ATP-binding cassette (ABC) transporter complex, substrate-binding subunit-containing [GO:0055052]; extrinsic component of cytoplasmic side of plasma membrane [GO:0031234]; maltose transport complex [GO:1990060]; membrane [GO:0016020]	activating transcription factor binding [GO:0033613]; ATPase activity [GO:0016887]; ATPase-coupled maltose transmembrane transporter activity [GO:0015423]; ATP binding [GO:0005524]	49586671;948537;	7.5.2.1	511145.b4035;	ecj:JW3995;eco:b4035;	nan
b3617	Treated	control	4.81844249850767	3.82047540639381	2.43E-06	6.49E-05	73	2	3792551	3791355	-	kbl	b3617	glycine C-acetyltransferase	P0AB77	KBL_ECOLI	2-amino-3-ketobutyrate coenzyme A ligase (AKB ligase) (EC 2.3.1.29) (Glycine acetyltransferase)	kbl b3617 JW3592	PATHWAY: Amino-acid degradation; L-threonine degradation via oxydo-reductase pathway; glycine from L-threonine: step 2/2. {ECO:0000255|HAMAP-Rule:MF_00985}.	biosynthetic process [GO:0009058]; L-threonine catabolic process to glycine [GO:0019518]	cytoplasm [GO:0005737]; cytosol [GO:0005829]	glycine C-acetyltransferase activity [GO:0008890]; ligase activity [GO:0016874]; metal ion binding [GO:0046872]; pyridoxal phosphate binding [GO:0030170]	48133568;948138;	2.3.1.29	511145.b3617;	ecj:JW3592;eco:b3617;	UPA00046;UER00506
b3735	Treated	control	3.47066997098586	6.97983721775679	3.14E-06	7.33E-05	668	49	3920403	3919870	-	atpH	b3735	F1 sector of membrane-bound ATP synthase, delta subunit	P0ABA4	ATPD_ECOLI	ATP synthase subunit delta (ATP synthase F(1) sector subunit delta) (F-type ATPase subunit delta) (F-ATPase subunit delta)	atpH papE uncH b3735 JW3713	nan	nan	plasma membrane [GO:0005886]; proton-transporting ATP synthase complex, catalytic core F(1) [GO:0045261]	proton-transporting ATPase activity, rotational mechanism [GO:0046961]; proton-transporting ATP synthase activity, rotational mechanism [GO:0046933]	52078971;948254;	nan	511145.b3735;	ecj:JW3713;eco:b3735;	nan
b1189	Treated	control	3.58966470144669	5.81921985114669	3.26E-06	7.33E-05	297	20	1237571	1238869	+	dadA	b1189	D-amino acid dehydrogenase	P0A6J5	DADA_ECOLI	D-amino acid dehydrogenase (EC 1.4.99.-) (D-alanine dehydrogenase)	dadA dadR b1189 JW1178	PATHWAY: Amino-acid degradation; D-alanine degradation; NH(3) and pyruvate from D-alanine: step 1/1.	D-alanine catabolic process [GO:0055130]; L-alanine oxidation to pyruvate via D-alanine [GO:0019480]	cytoplasm [GO:0005737]; plasma membrane [GO:0005886]	D-amino-acid dehydrogenase activity [GO:0008718]; oxidoreductase activity [GO:0016491]	945752;	1.4.99.-	511145.b1189;	ecj:JW1178;eco:b1189;	UPA00043;UER00498
b4142	Treated	control	3.50444003283261	6.44864806243457	3.44E-06	7.35E-05	461	33	4370688	4370981	+	groS	b4142	Cpn10 chaperonin GroES, small subunit of GroESL	P0A6F9	CH10_ECOLI	10 kDa chaperonin (GroES protein) (Protein Cpn10)	groS groES mopB b4142 JW4102	nan	cell cycle [GO:0007049]; cell division [GO:0051301]; chaperone cofactor-dependent protein refolding [GO:0051085]; protein folding [GO:0006457]; response to heat [GO:0009408]; virion assembly [GO:0019068]	cytosol [GO:0005829]; GroEL-GroES complex [GO:1990220]	ATP binding [GO:0005524]; chaperone binding [GO:0051087]; identical protein binding [GO:0042802]; metal ion binding [GO:0046872]; unfolded protein binding [GO:0051082]	52078576;948655;	nan	511145.b4142;	ecj:JW4102;eco:b4142;	nan
b3608	Treated	control	3.95265998842	4.69391842455134	4.51E-06	8.37E-05	135	7	3783661	3782642	-	gpsA	b3608	glycerol-3-phosphate dehydrogenase (NAD+)	P0A6S7	GPDA_ECOLI	Glycerol-3-phosphate dehydrogenase [NAD(P)+] (EC 1.1.1.94) (NAD(P)H-dependent glycerol-3-phosphate dehydrogenase)	gpsA b3608 JW3583	PATHWAY: Membrane lipid metabolism; glycerophospholipid metabolism. {ECO:0000255|HAMAP-Rule:MF_00394}.	carbohydrate metabolic process [GO:0005975]; glycerol-3-phosphate biosynthetic process [GO:0046167]; glycerol-3-phosphate catabolic process [GO:0046168]; glycerol-3-phosphate metabolic process [GO:0006072]; glycerophospholipid biosynthetic process [GO:0046474]	cytosol [GO:0005829]; glycerol-3-phosphate dehydrogenase complex [GO:0009331]	glycerol-3-phosphate dehydrogenase [NAD(P)+] activity [GO:0047952]; glycerol-3-phosphate dehydrogenase [NAD+] activity [GO:0004367]; NAD binding [GO:0051287]	49582418;948125;	1.1.1.94	511145.b3608;	ecj:JW3583;eco:b3608;	UPA00940
b0726	Treated	control	3.14086378030089	7.04128521403734	1.61E-05	0.000247075176936	683	63	758706	761507	+	sucA	b0726	2-oxoglutarate decarboxylase, thiamine triphosphate-binding	P0AFG3	ODO1_ECOLI	2-oxoglutarate dehydrogenase E1 component (EC 1.2.4.2) (Alpha-ketoglutarate dehydrogenase)	sucA b0726 JW0715	nan	tricarboxylic acid cycle [GO:0006099]	cytosol [GO:0005829]; oxoglutarate dehydrogenase complex [GO:0045252]	identical protein binding [GO:0042802]; magnesium ion binding [GO:0000287]; nucleotide binding [GO:0000166]; oxoglutarate dehydrogenase (succinyl-transferring) activity [GO:0004591]; thiamine pyrophosphate binding [GO:0030976]	49585524;945303;	1.2.4.2	511145.b0726;	ecj:JW0715;eco:b0726;	nan
b2715	Treated	control	4.43679749171466	3.48029832301294	1.71E-05	0.000251777079582	56	2	2839524	2840981	+	ascF	b2715	fused cellobiose/arbutin/salicin-specific PTS enzymes: IIB component/IC component	P24241	PTIBC_ECOLI	PTS system arbutin-, cellobiose-, and salicin-specific EIIBC component (EIIBC-Asc) (EII-Asc) [Includes: Arbutin-, cellobiose-, and salicin-specific phosphotransferase enzyme IIB component (EC 2.7.1.-) (PTS system arbutin-, cellobiose-, and salicin-specific EIIB component); Arbutin, cellobiose, and salicin permease IIC component (PTS system arbutin-, cellobiose-, and salicin-specific EIIC component)]	ascF b2715 JW5435	nan	carbohydrate transmembrane transport [GO:0034219]; phosphoenolpyruvate-dependent sugar phosphotransferase system [GO:0009401]; trehalose transport [GO:0015771]	integral component of membrane [GO:0016021]; plasma membrane [GO:0005886]	kinase activity [GO:0016301]; protein-N(PI)-phosphohistidine-sugar phosphotransferase activity [GO:0008982]; protein-phosphocysteine-sugar phosphotransferase activity [GO:0090563]; protein-phosphocysteine-trehalose phosphotransferase system transporter activity [GO:0090589]	947154;	2.7.1.-	511145.b2715;	ecj:JW5435;eco:b2715;	nan
b3600	Treated	control	2.5438432571909	6.10691403620271	4.12E-04	0.004632190703583	337	47	3774424	3775572	+	mtlD	b3600	mannitol-1-phosphate dehydrogenase, NAD-dependent	P09424	MTLD_ECOLI	Mannitol-1-phosphate 5-dehydrogenase (EC 1.1.1.17)	mtlD b3600 JW3574	nan	mannitol catabolic process [GO:0019592]	cytosol [GO:0005829]	mannitol-1-phosphate 5-dehydrogenase activity [GO:0008926]	948117;	1.1.1.17	511145.b3600;	ecj:JW3574;eco:b3600;	nan
b0552	Treated	control	2.54943444957506	5.43143106330397	5.49E-04	0.005864883796905	209	29	575753	574737	-	insH1	b0552	IS5 transposase and trans-activator	P0CE50	INSH2_ECOLI	Transposase InsH for insertion sequence element IS5B	insH2 b0552 JW0540	nan	transposition, DNA-mediated [GO:0006313]	nan	DNA binding [GO:0003677]; transposase activity [GO:0004803]	944917;944941;945896;946163;946577;947516;947743;948015;949121;	nan	nan	ecj:JW0540;eco:b0259;eco:b0552;eco:b0656;eco:b1331;eco:b2030;eco:b2192;eco:b2982;eco:b3218;eco:b3505;	nan
b1243	Treated	control	2.39959740668548	6.42407018033853	7.39E-04	0.007171802071288	415	64	1301182	1302813	+	oppA	b1243	oligopeptide transporter subunit	P23843	OPPA_ECOLI	Periplasmic oligopeptide-binding protein	oppA b1243 JW1235	nan	chaperone-mediated protein folding [GO:0061077]; oligopeptide transport [GO:0006857]; peptide transport [GO:0015833]; protein transport [GO:0015031]; response to heat [GO:0009408]	ATP-binding cassette (ABC) transporter complex [GO:0043190]; outer membrane-bounded periplasmic space [GO:0030288]	oligopeptide binding [GO:1900750]; peptide transmembrane transporter activity [GO:1904680]	945830;	nan	511145.b1243;	ecj:JW1235;eco:b1243;	nan
b2030	Treated	control	2.46418501819316	5.36046847499825	0.000828906233454	0.007865399148552	197	29	2102911	2101895	-	insH1	b2030	IS5 transposase and trans-activator	P0CE54	INSH7_ECOLI	Transposase InsH for insertion sequence element IS5I	insH7 b2030 JW2014	nan	transposition, DNA-mediated [GO:0006313]	nan	DNA binding [GO:0003677]; transposase activity [GO:0004803]	944917;944941;945896;946163;946577;947516;947743;948015;949121;	nan	nan	ecj:JW2014;eco:b0259;eco:b0552;eco:b0656;eco:b1331;eco:b2030;eco:b2192;eco:b2982;eco:b3218;eco:b3505;	nan
b0740	Treated	control	2.44719772657594	5.29732595523085	0.000936480686777	0.008508026664975	188	28	777740	779032	+	tolB	b0740	periplasmic protein	P0A855	TOLB_ECOLI	Tol-Pal system protein TolB	tolB b0740 JW5100	nan	bacteriocin transport [GO:0043213]; cell cycle [GO:0007049]; cell division [GO:0051301]; cellular response to bacteriocin [GO:0071237]; protein import [GO:0017038]; protein transport [GO:0015031]	cell division site [GO:0032153]; outer membrane-bounded periplasmic space [GO:0030288]; periplasmic space [GO:0042597]; protein-containing complex [GO:0032991]	protein-containing complex binding [GO:0044877]; protein domain specific binding [GO:0019904]	49585511;945429;	nan	511145.b0740;	ecj:JW5100;eco:b0740;	nan
b0723	Treated	control	2.32328478250737	6.92334478092745	0.000965425511882	0.008588264449448	584	95	755907	757673	+	sdhA	b0723	succinate dehydrogenase, flavoprotein subunit	P0AC41	SDHA_ECOLI	Succinate dehydrogenase flavoprotein subunit (EC 1.3.5.1)	sdhA b0723 JW0713	PATHWAY: Carbohydrate metabolism; tricarboxylic acid cycle; fumarate from succinate (bacterial route): step 1/1. {ECO:0000305|PubMed:19710024}.	aerobic respiration [GO:0009060]; anaerobic respiration [GO:0009061]; oxidation-reduction process [GO:0055114]; tricarboxylic acid cycle [GO:0006099]	plasma membrane [GO:0005886]; plasma membrane succinate dehydrogenase complex [GO:0045282]	electron transfer activity [GO:0009055]; flavin adenine dinucleotide binding [GO:0050660]; oxidoreductase activity [GO:0016491]; succinate dehydrogenase (ubiquinone) activity [GO:0008177]; succinate dehydrogenase activity [GO:0000104]	49585526;945402;	1.3.5.1	511145.b0723;	ecj:JW0713;eco:b0723;	UPA00223;UER01005
b3609	Treated	control	2.34711748530256	6.05857187500877	0.001103104789816	0.008647442121103	319	51	3784128	3783661	-	secB	b3609	protein export chaperone	P0AG86	SECB_ECOLI	Protein-export protein SecB (Chaperone SecB)	secB b3609 JW3584	nan	chaperone-mediated protein transport [GO:0072321]; protein folding [GO:0006457]; protein localization [GO:0008104]; protein targeting [GO:0006605]; protein tetramerization [GO:0051262]; protein transport [GO:0015031]; protein transport by the Sec complex [GO:0043952]	cytosol [GO:0005829]	unfolded protein binding [GO:0051082]	52078860;948123;	nan	511145.b3609;	ecj:JW3584;eco:b3609;	nan
b0259	Treated	control	2.38908156553633	5.29851126583627	0.001174594011766	0.008647442121103	187	29	275117	274101	-	insH1	b0259	IS5 transposase and trans-activator	P0CE49	INSH1_ECOLI	Transposase InsH for insertion sequence element IS5A	insH1 b0259 JW0250	nan	transposition, DNA-mediated [GO:0006313]	nan	DNA binding [GO:0003677]; transposase activity [GO:0004803]	944917;944941;945896;946163;946577;947516;947743;948015;949121;	nan	nan	ecj:JW0250;eco:b0259;eco:b0552;eco:b0656;eco:b1331;eco:b2030;eco:b2192;eco:b2982;eco:b3218;eco:b3505;	nan
b0656	Treated	control	2.38908156553633	5.29851126583627	0.001174594011766	0.008647442121103	187	29	689013	687997	-	insH1	b0656	IS5 transposase and trans-activator	P0CE51	INSH3_ECOLI	Transposase InsH for insertion sequence element IS5D	insH3 b0656 JW0652	nan	transposition, DNA-mediated [GO:0006313]	nan	DNA binding [GO:0003677]; transposase activity [GO:0004803]	944917;944941;945896;946163;946577;947516;947743;948015;949121;	nan	nan	ecj:JW0652;eco:b0259;eco:b0552;eco:b0656;eco:b1331;eco:b2030;eco:b2192;eco:b2982;eco:b3218;eco:b3505;	nan
b1331	Treated	control	2.38908156553633	5.29851126583627	0.001174594011766	0.008647442121103	187	29	1396076	1397092	+	insH1	b1331	IS5 transposase and trans-activator	P0CE52	INSH4_ECOLI	Transposase InsH for insertion sequence element IS5F	insH4 b1331 JW1324	nan	transposition, DNA-mediated [GO:0006313]	nan	DNA binding [GO:0003677]; transposase activity [GO:0004803]	944917;944941;945896;946163;946577;947516;947743;948015;949121;	nan	nan	ecj:JW1324;eco:b0259;eco:b0552;eco:b0656;eco:b1331;eco:b2030;eco:b2192;eco:b2982;eco:b3218;eco:b3505;	nan
b2192	Treated	control	2.38908156553633	5.29851126583627	0.001174594011766	0.008647442121103	187	29	2290081	2289065	-	insH1	b2192	IS5 transposase and trans-activator	P0CE55	INSH8_ECOLI	Transposase InsH for insertion sequence element IS5K	insH8 b2192 JW2179	nan	transposition, DNA-mediated [GO:0006313]	nan	DNA binding [GO:0003677]; transposase activity [GO:0004803]	944917;944941;945896;946163;946577;947516;947743;948015;949121;	nan	nan	ecj:JW2179;eco:b0259;eco:b0552;eco:b0656;eco:b1331;eco:b2030;eco:b2192;eco:b2982;eco:b3218;eco:b3505;	nan
b2982	Treated	control	2.38908156553633	5.29851126583627	0.001174594011766	0.008647442121103	187	29	3130178	3131194	+	insH1	b2982	IS5 transposase and trans-activator	P0CE56	INSH9_ECOLI	Transposase InsH for insertion sequence element IS5LO	insH9 b2982 JW2949	nan	transposition, DNA-mediated [GO:0006313]	nan	DNA binding [GO:0003677]; transposase activity [GO:0004803]	944917;944941;945896;946163;946577;947516;947743;948015;949121;	nan	nan	ecj:JW2949;eco:b0259;eco:b0552;eco:b0656;eco:b1331;eco:b2030;eco:b2192;eco:b2982;eco:b3218;eco:b3505;	nan
b3218	Treated	control	2.38908156553633	5.29851126583627	0.001174594011766	0.008647442121103	187	29	3366718	3365702	-	insH1	b3218	IS5 transposase and trans-activator	P0CE57	INH10_ECOLI	Transposase InsH for insertion sequence element IS5R	insH10 b3218 JW3185	nan	transposition, DNA-mediated [GO:0006313]	nan	DNA binding [GO:0003677]; transposase activity [GO:0004803]	944917;944941;945896;946163;946577;947516;947743;948015;949121;	nan	511145.b3505;	ecj:JW3185;eco:b0259;eco:b0552;eco:b0656;eco:b1331;eco:b2030;eco:b2192;eco:b2982;eco:b3218;eco:b3505;	nan
b3505	Treated	control	2.38908156553633	5.29851126583627	0.001174594011766	0.008647442121103	187	29	3653198	3652182	-	insH1	b3505	IS5 transposase and trans-activator	P0CE58	INH11_ECOLI	Transposase InsH for insertion sequence element IS5T	insH11 b3505 JW3472	nan	transposition, DNA-mediated [GO:0006313]	nan	DNA binding [GO:0003677]; transposase activity [GO:0004803]	944917;944941;945896;946163;946577;947516;947743;948015;949121;	nan	nan	ecj:JW3472;eco:b0259;eco:b0552;eco:b0656;eco:b1331;eco:b2030;eco:b2192;eco:b2982;eco:b3218;eco:b3505;	nan
b2526	Treated	control	2.57878342633094	3.99097469463081	0.001649462794217	0.011556678253672	74	10	2658935	2657085	-	hscA	b2526	DnaK-like molecular chaperone specific for IscU	P0A6Z1	HSCA_ECOLI	Chaperone protein HscA (Hsc66)	hscA hsc b2526 JW2510	nan	cellular response to cold [GO:0070417]; iron-sulfur cluster assembly [GO:0016226]; protein folding [GO:0006457]; protein maturation by iron-sulfur cluster transfer [GO:0097428]	cytosol [GO:0005829]; iron-sulfur cluster transfer complex [GO:1990230]	ADP binding [GO:0043531]; ATPase activity [GO:0016887]; ATP binding [GO:0005524]; unfolded protein binding [GO:0051082]	49583633;944885;	nan	511145.b2526;	ecj:JW2510;eco:b2526;	nan
b2284	Treated	control	2.24255427587692	5.59445513677823	0.001883961784388	0.01259262155764	227	39	2401555	2400218	-	nuoF	b2284	NADH:ubiquinone oxidoreductase, chain F	P31979	NUOF_ECOLI	NADH-quinone oxidoreductase subunit F (EC 7.1.1.-) (NADH dehydrogenase I subunit F) (NDH-1 subunit F) (NUO6)	nuoF b2284 JW2279	nan	aerobic respiration [GO:0009060]; cellular respiration [GO:0045333]	NADH dehydrogenase complex [GO:0030964]; plasma membrane [GO:0005886]; plasma membrane respiratory chain complex I [GO:0045272]	4 iron, 4 sulfur cluster binding [GO:0051539]; FMN binding [GO:0010181]; metal ion binding [GO:0046872]; NAD binding [GO:0051287]; NADH dehydrogenase (ubiquinone) activity [GO:0008137]; quinone binding [GO:0048038]	48724650;946753;	7.1.1.-	511145.b2284;	ecj:JW2279;eco:b2284;	nan
b3956	Treated	control	2.38547848674092	4.63355225519012	0.001887418687796	0.01259262155764	116	18	4153098	4150447	-	ppc	b3956	phosphoenolpyruvate carboxylase	P00864	CAPP_ECOLI	Phosphoenolpyruvate carboxylase (PEPC) (PEPCase) (EC 4.1.1.31)	ppc glu b3956 JW3928	nan	carbon fixation [GO:0015977]; oxaloacetate metabolic process [GO:0006107]; tricarboxylic acid cycle [GO:0006099]	cytosol [GO:0005829]	magnesium ion binding [GO:0000287]; phosphoenolpyruvate carboxylase activity [GO:0008964]	948457;	4.1.1.31	511145.b3956;	ecj:JW3928;eco:b3956;	nan
b1247	Treated	control	2.34204986163182	4.74360104376933	0.001965322123283	0.012910654563719	125	20	1305764	1306768	+	oppF	b1247	oligopeptide transporter subunit	P77737	OPPF_ECOLI	Oligopeptide transport ATP-binding protein OppF	oppF b1247 JW1239	nan	protein transport [GO:0015031]	plasma membrane [GO:0005886]	ATPase activity [GO:0016887]; ATP binding [GO:0005524]	945818;	nan	511145.b1247;	ecj:JW1239;eco:b1247;	nan
b2925	Treated	control	2.12520498818289	6.71571092930557	0.002361278849696	0.015048747295827	493	92	3071244	3070165	-	fbaA	b2925	fructose-bisphosphate aldolase, class II	P0AB71	ALF_ECOLI	Fructose-bisphosphate aldolase class 2 (FBP aldolase) (FBPA) (EC 4.1.2.13) (Fructose-1,6-bisphosphate aldolase) (Fructose-bisphosphate aldolase class II)	fbaA fba fda b2925 JW2892	PATHWAY: Carbohydrate degradation; glycolysis; D-glyceraldehyde 3-phosphate and glycerone phosphate from D-glucose: step 4/4.	gluconeogenesis [GO:0006094]; glycolytic process [GO:0006096]	cell wall [GO:0005618]; cytosol [GO:0005829]; plasma membrane [GO:0005886]	fructose-bisphosphate aldolase activity [GO:0004332]; identical protein binding [GO:0042802]; zinc ion binding [GO:0008270]	48726232;947415;	4.1.2.13	511145.b2925;	ecj:JW2892;eco:b2925;	UPA00109;UER00183
b3729	Treated	control	2.47804874745297	3.90946969784359	0.00241472317207	0.015163041095203	69	10	3913668	3911839	-	glmS	b3729	L-glutamine:D-fructose-6-phosphate aminotransferase	P17169	GLMS_ECOLI	Glutamine--fructose-6-phosphate aminotransferase [isomerizing] (EC 2.6.1.16) (D-fructose-6-phosphate amidotransferase) (GFAT) (Glucosamine-6-phosphate synthase) (Hexosephosphate aminotransferase) (L-glutamine--D-fructose-6-phosphate amidotransferase)	glmS b3729 JW3707	nan	carbohydrate metabolic process [GO:0005975]; fructose 6-phosphate metabolic process [GO:0006002]; glutamine metabolic process [GO:0006541]; protein N-linked glycosylation [GO:0006487]; UDP-N-acetylglucosamine biosynthetic process [GO:0006048]; UDP-N-acetylglucosamine metabolic process [GO:0006047]	cytosol [GO:0005829]	carbohydrate derivative binding [GO:0097367]; glutamine-fructose-6-phosphate transaminase (isomerizing) activity [GO:0004360]	948241;	2.6.1.16	511145.b3729;	ecj:JW3707;eco:b3729;	nan
b0098	Treated	control	2.22370288592011	5.11505860374413	0.002531744435624	0.015667461942193	161	28	108279	110984	+	secA	b0098	preprotein translocase subunit, ATPase	P10408	SECA_ECOLI	Protein translocase subunit SecA	secA azi pea prlD b0098 JW0096	nan	chaperone-mediated protein folding [GO:0061077]; intracellular protein transmembrane transport [GO:0065002]; protein import [GO:0017038]; protein targeting [GO:0006605]; protein transport [GO:0015031]; protein transport by the Sec complex [GO:0043952]	cell envelope Sec protein transport complex [GO:0031522]; cytoplasm [GO:0005737]; cytosol [GO:0005829]; integral component of plasma membrane [GO:0005887]; plasma membrane [GO:0005886]	ATPase-coupled protein transmembrane transporter activity [GO:0015462]; ATP binding [GO:0005524]; identical protein binding [GO:0042802]; metal ion binding [GO:0046872]	48137035;944821;	nan	511145.b0098;	ecj:JW0096;eco:b0098;	nan
b2663	Treated	control	2.71173540014921	3.42277450137397	0.003092602016016	0.0188648722977	49	6	2794253	2795653	+	gabP	b2663	gamma-aminobutyrate transporter	P25527	GABP_ECOLI	GABA permease (4-amino butyrate transport carrier) (Gamma-aminobutyrate permease)	gabP b2663 JW2638	PATHWAY: Amino-acid degradation; 4-aminobutanoate degradation.	cellular response to DNA damage stimulus [GO:0006974]; cellular response to nitrogen starvation [GO:0006995]; gamma-aminobutyric acid catabolic process [GO:0009450]; gamma-aminobutyric acid transport [GO:0015812]; response to carbon starvation [GO:0090549]	integral component of membrane [GO:0016021]; plasma membrane [GO:0005886]	gamma-aminobutyric acid transmembrane transporter activity [GO:0015185]; secondary active transmembrane transporter activity [GO:0015291]	948049;	nan	511145.b2663;	ecj:JW2638;eco:b2663;	UPA00733
b4143	Treated	control	2.02112164733029	7.9619257485236	0.003185822705235	0.019159806973736	1161	233	4371025	4372671	+	groL	b4143	Cpn60 chaperonin GroEL, large subunit of GroESL	P0A6F5	CH60_ECOLI	60 kDa chaperonin (GroEL protein) (Protein Cpn60)	groL groEL mopA b4143 JW4103	nan	cell cycle [GO:0007049]; cell division [GO:0051301]; chaperone cofactor-dependent protein refolding [GO:0051085]; protein folding [GO:0006457]; protein refolding [GO:0042026]; response to heat [GO:0009408]; response to radiation [GO:0009314]; virion assembly [GO:0019068]	cytosol [GO:0005829]; GroEL-GroES complex [GO:1990220]; membrane [GO:0016020]	ATPase activity [GO:0016887]; ATP binding [GO:0005524]; identical protein binding [GO:0042802]; magnesium ion binding [GO:0000287]; unfolded protein binding [GO:0051082]	49586476;948665;	nan	511145.b4143;	ecj:JW4103;eco:b4143;	nan
b3352	Treated	control	2.49547632549579	3.62655472605505	0.003575141179416	0.021176527199934	56	8	3481289	3483202	+	yheS	b3352	putative transporter subunit of ABC superfamily: ATP-binding component	P63389	YHES_ECOLI	Probable ATP-binding protein YheS	yheS b3352 JW3315	nan	nan	nan	ATPase activity [GO:0016887]; ATP binding [GO:0005524]	947856;	nan	511145.b3352;	ecj:JW3315;eco:b3352;	nan
b4179	Treated	control	2.22517546306069	4.71694500505587	0.003689972918011	0.021292141026903	121	21	4406654	4409095	+	rnr	b4179	exoribonuclease R, RNase R	P21499	RNR_ECOLI	Ribonuclease R (RNase R) (EC 3.1.13.1) (Protein VacB)	rnr vacB yjeC b4179 JW5741	nan	mRNA catabolic process [GO:0006402]; ncRNA processing [GO:0034470]; pathogenesis [GO:0009405]; response to cold [GO:0009409]	cytosol [GO:0005829]	'3''-5''-exoribonuclease activity [GO:0000175]; 3''-5'' RNA helicase activity [GO:0034458]; exoribonuclease activity, producing 5''-phosphomonoesters [GO:0016896]; exoribonuclease II activity [GO:0008859]; ribonuclease activity [GO:0004540]; ribonuclease R activity [GO:0008997]; RNA binding [GO:0003723]'	948692;	3.1.13.1	511145.b4179;	ecj:JW5741;eco:b4179;	nan
b0727	Treated	control	1.79328189429469	7.99953710489688	0.008317030592581	0.044392150787902	1153	271	761522	762739	+	sucB	b0727	dihydrolipoyltranssuccinase	P0AFG6	ODO2_ECOLI	Dihydrolipoyllysine-residue succinyltransferase component of 2-oxoglutarate dehydrogenase complex (EC 2.3.1.61) (2-oxoglutarate dehydrogenase complex component E2) (OGDC-E2) (Dihydrolipoamide succinyltransferase component of 2-oxoglutarate dehydrogenase complex)	sucB b0727 JW0716	PATHWAY: Amino-acid degradation; L-lysine degradation via saccharopine pathway; glutaryl-CoA from L-lysine: step 6/6.	L-lysine catabolic process to acetyl-CoA via saccharopine [GO:0033512]; tricarboxylic acid cycle [GO:0006099]	cytosol [GO:0005829]; oxoglutarate dehydrogenase complex [GO:0045252]	dihydrolipoyllysine-residue succinyltransferase activity [GO:0004149]; lipoic acid binding [GO:0031405]	945307;	2.3.1.61	511145.b0727;	ecj:JW0716;eco:b0727;	UPA00868;UER00840
b0118	Treated	control	1.72315558953192	7.8066533214163	0.01132594424633	0.055740570106936	997	246	131615	134212	+	acnB	b0118	bifunctional aconitate hydratase 2/2-methylisocitrate dehydratase	P36683	ACNB_ECOLI	Aconitate hydratase B (ACN) (Aconitase) (EC 4.2.1.3) ((2R,3S)-2-methylisocitrate dehydratase) ((2S,3R)-3-hydroxybutane-1,2,3-tricarboxylate dehydratase) (2-methyl-cis-aconitate hydratase) (EC 4.2.1.99) (Iron-responsive protein-like) (IRP-like) (RNA-binding protein)	acnB yacI yacJ b0118 JW0114	PATHWAY: Organic acid metabolism; propanoate degradation. {ECO:0000305|PubMed:12473114}.; PATHWAY: Carbohydrate metabolism; tricarboxylic acid cycle; isocitrate from oxaloacetate: step 2/2. {ECO:0000305|PubMed:12473114}.	glyoxylate cycle [GO:0006097]; propionate catabolic process, 2-methylcitrate cycle [GO:0019629]; regulation of translation [GO:0006417]; tricarboxylic acid cycle [GO:0006099]	cytosol [GO:0005829]	'2-methylisocitrate dehydratase activity [GO:0047456]; 4 iron, 4 sulfur cluster binding [GO:0051539]; aconitate hydratase activity [GO:0003994]; citrate dehydratase activity [GO:0047780]; metal ion binding [GO:0046872]; mRNA 3''-UTR binding [GO:0003730]; mRNA binding [GO:0003729]'	48137015;944864;	4.2.1.3; 4.2.1.99	511145.b0118;	ecj:JW0114;eco:b0118;	UPA00223;UER00718, UPA00946
b1049	Treated	control	2.2714144188607	3.27631127570618	0.011508025935325	0.055740570106936	42	7	1110863	1113406	+	opgH	b1049	membrane glycosyltransferase; nutrient-dependent cell size regulator, FtsZ assembly antagonist	P62517	OPGH_ECOLI	Glucans biosynthesis glucosyltransferase H (EC 2.4.1.-)	mdoH opgH b1049 JW1037	PATHWAY: Glycan metabolism; osmoregulated periplasmic glucan (OPG) biosynthesis.	beta-glucan biosynthetic process [GO:0051274]; glucan biosynthetic process [GO:0009250]; response to osmotic stress [GO:0006970]	integral component of plasma membrane [GO:0005887]; plasma membrane [GO:0005886]	transferase activity, transferring glycosyl groups [GO:0016757]; transferase activity, transferring hexosyl groups [GO:0016758]	48106457;945624;	2.4.1.-	511145.b1049;	ecj:JW1037;eco:b1049;	UPA00637
b4129	Treated	control	1.82614880075467	5.1539155994432	0.011749194273042	0.055740570106936	157	36	4354717	4353200	-	lysU	b4129	lysine tRNA synthetase, inducible	P0A8N5	SYK2_ECOLI	Lysine--tRNA ligase, heat inducible (EC 6.1.1.6) (Lysyl-tRNA synthetase) (LysRS)	lysU b4129 JW4090	nan	lysyl-tRNA aminoacylation [GO:0006430]; tRNA aminoacylation for protein translation [GO:0006418]	cytosol [GO:0005829]; membrane [GO:0016020]	ATP binding [GO:0005524]; ligase activity [GO:0016874]; lysine-tRNA ligase activity [GO:0004824]; magnesium ion binding [GO:0000287]; tRNA binding [GO:0000049]	948645;	6.1.1.6	511145.b4129;	ecj:JW4090;eco:b4129;	nan
b2733	Treated	control	2.18083958505903	3.38078087453768	0.011999936152878	0.055740570106936	45	8	2857093	2859654	+	mutS	b2733	methyl-directed mismatch repair protein	P23909	MUTS_ECOLI	DNA mismatch repair protein MutS	mutS fdv b2733 JW2703	nan	cellular response to DNA damage stimulus [GO:0006974]; mismatch repair [GO:0006298]; regulation of DNA recombination [GO:0000018]	cytosol [GO:0005829]; mismatch repair complex [GO:0032300]	adenine/cytosine mispair binding [GO:0032136]; ADP binding [GO:0043531]; ATPase activity [GO:0016887]; ATP binding [GO:0005524]; damaged DNA binding [GO:0003684]; DNA binding, bending [GO:0008301]; DNA-dependent ATPase activity [GO:0008094]; identical protein binding [GO:0042802]; mismatched DNA binding [GO:0030983]	947206;	nan	511145.b2733;	ecj:JW2703;eco:b2733;	nan
b4069	Treated	control	1.83636476158927	4.34750800988409	0.014997228737066	0.066018728564197	88	20	4287371	4285413	-	acs	b4069	acetyl-CoA synthetase	P27550	ACSA_ECOLI	Acetyl-coenzyme A synthetase (AcCoA synthetase) (Acs) (EC 6.2.1.1) (Acetate--CoA ligase) (Acyl-activating enzyme)	acs yfaC b4069 JW4030	nan	acetate catabolic process [GO:0045733]; acetyl-CoA biosynthetic process from acetate [GO:0019427]; chemotaxis [GO:0006935]; peptidyl-lysine acetylation [GO:0018394]; post-translational protein acetylation [GO:0034421]	cytosol [GO:0005829]	acetate-CoA ligase activity [GO:0003987]; AMP binding [GO:0016208]; ATP binding [GO:0005524]; metal ion binding [GO:0046872]; propionate-CoA ligase activity [GO:0050218]; protein deacetylase activity [GO:0033558]	948572;	6.2.1.1	511145.b4069;	ecj:JW4030;eco:b4069;	nan
b1994	Treated	control	1.72545099002292	4.77649794366871	0.018351133178321	0.075414990100125	118	29	2067321	2066305	-	insH1	b1994	IS5 transposase and trans-activator	P0CE53	INSH6_ECOLI	Transposase InsH for insertion sequence element IS5H	insH6 b1994 JW1972	nan	transposition, DNA-mediated [GO:0006313]	nan	DNA binding [GO:0003677]; transposase activity [GO:0004803]	946507;	nan	511145.b1994;	ecj:JW1972;eco:b1994;	nan
b0659	Treated	control	1.77632533447666	4.15856239458456	0.021291916696483	0.086587127899032	76	18	692341	691874	-	ybeY	b0659	'ssRNA-specific endoribonuclease; co-endoribonuclease working with RNase R in 16S rRNA 3'' end maturation and quality control; rRNA transcription antitermination factor'	P0A898	YBEY_ECOLI	Endoribonuclease YbeY (EC 3.1.-.-)	ybeY b0659 JW0656	nan	endonucleolytic cleavage involved in rRNA processing [GO:0000478]; maturation of SSU-rRNA [GO:0030490]; response to heat [GO:0009408]; ribosomal small subunit biogenesis [GO:0042274]; ribosome biogenesis [GO:0042254]; rRNA processing [GO:0006364]; transcription antitermination [GO:0031564]; translation [GO:0006412]	cytoplasm [GO:0005737]	'endoribonuclease activity, producing 3''-phosphomonoesters [GO:0016892]; metalloendopeptidase activity [GO:0004222]; nickel cation binding [GO:0016151]; zinc ion binding [GO:0008270]'	52075973;946430;	3.1.-.-	511145.b0659;	ecj:JW0656;eco:b0659;	nan
b3385	Treated	control	1.71761861257682	4.18867162599446	0.024458823157474	0.09670293970594	77	19	3514389	3513631	-	gph	b3385	phosphoglycolate phosphatase	P32662	GPH_ECOLI	Phosphoglycolate phosphatase (PGP) (PGPase) (EC 3.1.3.18)	gph yhfE b3385 JW3348	PATHWAY: Organic acid metabolism; glycolate biosynthesis; glycolate from 2-phosphoglycolate: step 1/1.	carbohydrate metabolic process [GO:0005975]; dephosphorylation [GO:0016311]; DNA repair [GO:0006281]; glycolate biosynthetic process [GO:0046295]	cytosol [GO:0005829]	chloride ion binding [GO:0031404]; magnesium ion binding [GO:0000287]; phosphoglycolate phosphatase activity [GO:0008967]	947895;	3.1.3.18	511145.b3385;	ecj:JW3348;eco:b3385;	UPA00865;UER00834
b2529	Treated	control	1.5459145612858	6.18797338558878	0.026132988344588	0.102374183698522	312	87	2660289	2659903	-	iscU	b2529	iron-sulfur cluster assembly scaffold protein	P0ACD4	ISCU_ECOLI	Iron-sulfur cluster assembly scaffold protein IscU (Sulfur acceptor protein IscU)	iscU nifU yfhN b2529 JW2513	nan	cellular iron ion homeostasis [GO:0006879]; iron-sulfur cluster assembly [GO:0016226]	cytoplasm [GO:0005737]; cytosol [GO:0005829]	2 iron, 2 sulfur cluster binding [GO:0051537]; 4 iron, 4 sulfur cluster binding [GO:0051539]; ferrous iron binding [GO:0008198]; identical protein binding [GO:0042802]	52077805;947002;	nan	511145.b2529;	ecj:JW2513;eco:b2529;	nan
b1746	Treated	control	1.69981384230095	4.43715916105967	0.026377700587501	0.102393437735115	92	23	1829734	1828256	-	astD	b1746	succinylglutamic semialdehyde dehydrogenase	P76217	ASTD_ECOLI	N-succinylglutamate 5-semialdehyde dehydrogenase (EC 1.2.1.71) (Succinylglutamic semialdehyde dehydrogenase) (SGSD)	astD ydjU b1746 JW5282	PATHWAY: Amino-acid degradation; L-arginine degradation via AST pathway; L-glutamate and succinate from L-arginine: step 4/5. {ECO:0000269|PubMed:9696779}.	arginine catabolic process to glutamate [GO:0019544]; arginine catabolic process to succinate [GO:0019545]	nan	aldehyde dehydrogenase (NAD+) activity [GO:0004029]; succinylglutamate-semialdehyde dehydrogenase activity [GO:0043824]	946260;	1.2.1.71	511145.b1746;	ecj:JW5282;eco:b1746;	UPA00185;UER00282
b3429	Treated	control	1.66038987846243	4.14656574636192	0.030442386987816	0.113756182609326	74	19	3568033	3566600	-	glgA	b3429	glycogen synthase	P0A6U8	GLGA_ECOLI	Glycogen synthase (EC 2.4.1.21) (Starch [bacterial glycogen] synthase)	glgA b3429 JW3392	PATHWAY: Glycan biosynthesis; glycogen biosynthesis.	cellular response to DNA damage stimulus [GO:0006974]; glycogen biosynthetic process [GO:0005978]	cytosol [GO:0005829]	alpha-1,4-glucan synthase activity [GO:0033201]; glycogen (starch) synthase activity [GO:0004373]; starch synthase activity [GO:0009011]	49582609;947932;	2.4.1.21	511145.b3429;	ecj:JW3392;eco:b3429;	UPA00164
b2905	Treated	control	1.56368445786813	5.13922124054636	0.030636911007196	0.113756182609326	149	41	3050667	3049573	-	gcvT	b2905	aminomethyltransferase, tetrahydrofolate-dependent, subunit (T protein) of glycine cleavage complex	P27248	GCST_ECOLI	Aminomethyltransferase (EC 2.1.2.10) (Glycine cleavage system T protein)	gcvT b2905 JW2873	nan	glycine decarboxylation via glycine cleavage system [GO:0019464]	cytosol [GO:0005829]	aminomethyltransferase activity [GO:0004047]; transaminase activity [GO:0008483]	48134108;947390;	2.1.2.10	511145.b2905;	ecj:JW2873;eco:b2905;	nan
b0026	Treated	control	1.57589077349544	4.84524461272469	0.032846349798647	0.11987513986344	121	33	22391	25207	+	ileS	b0026	isoleucyl-tRNA synthetase	P00956	SYI_ECOLI	Isoleucine--tRNA ligase (EC 6.1.1.5) (Isoleucyl-tRNA synthetase) (IleRS)	ileS ilvS b0026 JW0024	nan	isoleucyl-tRNA aminoacylation [GO:0006428]; response to antibiotic [GO:0046677]	cytosol [GO:0005829]	aminoacyl-tRNA editing activity [GO:0002161]; ATP binding [GO:0005524]; isoleucine-tRNA ligase activity [GO:0004822]; tRNA binding [GO:0000049]; zinc ion binding [GO:0008270]	944761;	6.1.1.5	511145.b0026;	ecj:JW0024;eco:b0026;	nan
b4174	Treated	control	1.56720494940756	4.75201737937639	0.035533732133268	0.127503391772315	113	31	4402038	4403297	+	hflK	b4174	modulator for HflB protease specific for phage lambda cII repressor	P0ABC7	HFLK_ECOLI	Modulator of FtsH protease HflK	hflK hflA b4174 JW4132	nan	negative regulation of catalytic activity [GO:0043086]; response to heat [GO:0009408]	cytosol [GO:0005829]; integral component of external side of plasma membrane [GO:0071575]; membrane protein complex [GO:0098796]	nan	52078545;948698;	nan	511145.b4174;	ecj:JW4132;eco:b4174;	nan
b3616	Treated	control	1.48772510404717	5.27526550853882	0.036676255057448	0.130506340912753	162	47	3791345	3790320	-	tdh	b3616	L-threonine 3-dehydrogenase, NAD(P)-binding	P07913	TDH_ECOLI	L-threonine 3-dehydrogenase (TDH) (EC 1.1.1.103) (L-threonine dehydrogenase)	tdh b3616 JW3591	PATHWAY: Amino-acid degradation; L-threonine degradation via oxydo-reductase pathway; glycine from L-threonine: step 1/2. {ECO:0000255|HAMAP-Rule:MF_00627}.	L-serine biosynthetic process [GO:0006564]; L-threonine catabolic process to glycine [GO:0019518]; threonine catabolic process [GO:0006567]	cytoplasm [GO:0005737]; cytosol [GO:0005829]	cadmium ion binding [GO:0046870]; ferrous iron binding [GO:0008198]; L-threonine 3-dehydrogenase activity [GO:0008743]; manganese ion binding [GO:0030145]; oxidoreductase activity [GO:0016491]; zinc ion binding [GO:0008270]	948139;	1.1.1.103	511145.b3616;	ecj:JW3591;eco:b3616;	UPA00046;UER00505
b3802	Treated	control	1.46952671809334	4.49025507606187	0.049046513144388	0.166213183433758	92	27	3987882	3986686	-	hemY	b3802	putative protoheme IX synthesis protein	P0ACB7	HEMY_ECOLI	Protein HemY	hemY b3802 JW3774	PATHWAY: Porphyrin-containing compound metabolism; protoheme biosynthesis.	heme metabolic process [GO:0042168]; porphyrin-containing compound biosynthetic process [GO:0006779]	integral component of membrane [GO:0016021]; plasma membrane [GO:0005886]	nan	49586935;948311;	nan	511145.b3802;	ecj:JW3774;eco:b3802;	UPA00252
